game_name,order_id,platform,region,genre,country,purchase_date,units_sold,unit_price_usd,discount_percent,revenue_usd,player_rating,playtime_hours,player_age,sessions_per_week,payment_method
Apex Legends,11,11,11,11,11,11,11,11,11,11,11,11,11,11,11
Baldur's Gate 3,11,11,11,11,11,11,11,11,11,9,11,11,11,11,11
Call of Duty: MWIII,16,16,14,16,16,16,16,16,16,16,16,16,16,16,16
Cyberpunk 2077,20,20,20,20,20,20,20,20,20,19,20,20,20,20,20
EA Sports FC 25,17,16,16,17,17,17,17,17,17,16,17,17,17,17,17
Elden Ring,15,15,15,15,15,15,15,15,15,15,15,15,15,15,15
Fortnite,16,16,16,16,16,16,16,16,16,16,15,16,16,16,16
Forza Horizon 5,14,14,14,14,14,14,14,14,14,14,13,14,14,14,14
GTA V,20,20,19,20,20,20,20,20,20,20,20,20,20,20,20
Hades II,18,17,18,18,18,18,18,18,18,18,17,18,18,18,18
Helldivers 2,21,21,21,21,20,21,21,21,21,21,20,21,21,21,21
Minecraft,15,13,15,15,15,15,15,15,15,14,15,15,15,15,15
Red Dead Redemption 2,17,17,16,17,17,17,17,17,17,17,16,17,17,17,17
The Witcher 3,18,18,17,18,16,18,18,18,18,18,18,18,18,18,18
Valorant,16,16,16,16,15,16,16,16,16,15,16,16,16,16,16
